borough,year,11201,11203,11204,11205,11206,11207,11208,11209,11210,11211,11212,11213,11214,11215,11216,11217,11218,11219,11220,11221,11222,11223,11224,11225,11226,11228,11229,11230,11231,11232,11233,11234,11235,11236,11237,11238,11239,11241,11242,11243,11249,11252,11256,11240,10451,10452,10453,10454,10455,10456,10457,10458,10459,10460,10461,10462,10463,10464,10465,10466,10467,10468,10469,10470,10471,10472,10473,10474,10475,11691,11692,11693,11694,11697,11351,11354,11355,11356,11357,11358,11359,11360,11361,11362,11363,11364,11365,11366,11367,11368,11369,11370,11371,11372,11373,11374,11375,11377,11378,11379,11385,11411,11413,11414,11415,11416,11417,11418,11419,11420,11421,11422,11423,11426,11427,11428,11429,11430,11432,11433,11434,11435,11436,11101,11102,11103,11104,11106,11109,10001,10002,10003,10005,10006,10007,10009,10010,10012,10013,10014,10016,10017,10018,10019,10020,10021,10022,10023,10024,10025,10027,10028,10029,10030,10031,10032,10033,10034,10035,10036,10037,10038,10039,10040,10041,10055,10103,10104,10105,10106,10107,10110,10111,10112,10118,10119,10120,10121,10122,10123,10128,10151,10152,10153,10154,10155,10158,10162,10165,10166,10167,10168,10169,10170,10171,10172,10173,10174,10175,10176,10177,10178,10270,10271,10278,10279,10280,10281,10282,10048,10200,10301,10302,10303,10304,10305,10306,10307,10308,10309,10310,10311,10312,10314
borough,year,11201,11203,11204,11205,11206,11207,11208,11209,11210,11211,11212,11213,11214,11215,11216,11217,11218,11219,11220,11221,11222,11223,11224,11225,11226,11228,11229,11230,11231,11232,11233,11234,11235,11236,11237,11238,11239,11241,11242,11243,11249,11252,11256,11240,10451,10452,10453,10454,10455,10456,10457,10458,10459,10460,10461,10462,10463,10464,10465,10466,10467,10468,10469,10470,10471,10472,10473,10474,10475,11691,11692,11693,11694,11697,11351,11354,11355,11356,11357,11358,11359,11360,11361,11362,11363,11364,11365,11366,11367,11368,11369,11370,11371,11372,11373,11374,11375,11377,11378,11379,11385,11411,11413,11414,11415,11416,11417,11418,11419,11420,11421,11422,11423,11426,11427,11428,11429,11430,11432,11433,11434,11435,11436,11101,11102,11103,11104,11106,11109,10001,10002,10003,10005,10006,10007,10009,10010,10012,10013,10014,10016,10017,10018,10019,10020,10021,10022,10023,10024,10025,10027,10028,10029,10030,10031,10032,10033,10034,10035,10036,10037,10038,10039,10040,10041,10055,10103,10104,10105,10106,10107,10110,10111,10112,10118,10119,10120,10121,10122,10123,10128,10151,10152,10153,10154,10155,10158,10162,10165,10166,10167,10168,10169,10170,10171,10172,10173,10174,10175,10176,10177,10178,10270,10271,10278,10279,10280,10281,10282,10048,10200,10301,10302,10303,10304,10305,10306,10307,10308,10309,10310,10311,10312,10314
BROOKLYN,2005,1339839.71,541446.97,715778.03,540820.27,483532.79,482910.22,438755.87,528869.12,681288.51,1313334.78,479936.12,714624.15,595056.38,850164.91,575860.94,1244569.39,504385.73,718838.78,637354.3,516734.27,989772.04,685737.43,697500.51,691082.46,886959.37,632308.9,543683.89,661129.66,1531092.88,707241.37,469722.45,509374.32,547888.26,443812.25,544405.48,709230.11,11378786.83,nan,nan,nan,nan,nan,nan,nan,,,,,,,,,,,,,,,,,,,,,,,,,,,,,,,,,,,,,,,,,,,,,,,,,,,,,,,,,,,,,,,,,,,,,,,,,,,,,,,,,,,,,,,,,,,,,,,,,,,,,,,,,,,,,,,,,,,,,,,,,,,,,,,,,,,,,,,,,,,,,,,,,,,,,,,,,,,,,,,,,,,,,,,,,,,,,,,,,,,,
BROOKLYN,2006,1407938.22,594847.73,767228.76,699321.87,579856.22,540910.39,538224.18,709560.21,655811.92,1156911.23,666254.29,760925.93,646042.14,982925.26,645557.7,1251492.56,641680.16,692513.5,714035.09,583190.37,1450448.34,765423.41,1632886.14,1072631.83,1131961.42,658778.25,520378.61,760910.3,937532.63,1188360.14,550492.44,523418.58,631245.92,509827.99,657624.25,794317.01,316750.0,nan,nan,nan,nan,nan,nan,nan,,,,,,,,,,,,,,,,,,,,,,,,,,,,,,,,,,,,,,,,,,,,,,,,,,,,,,,,,,,,,,,,,,,,,,,,,,,,,,,,,,,,,,,,,,,,,,,,,,,,,,,,,,,,,,,,,,,,,,,,,,,,,,,,,,,,,,,,,,,,,,,,,,,,,,,,,,,,,,,,,,,,,,,,,,,,,,,,,,,,
BROOKLYN,2007,1222110.87,735370.2,762102.32,722554.99,620309.62,595316.96,554003.47,568125.72,747929.84,1033551.41,1192093.13,848089.88,674175.22,968269.02,799936.27,1166545.84,555601.77,753729.75,762798.93,606858.38,866419.18,733316.62,698703.55,946051.16,947954.89,673882.49,580519.06,716426.11,1079710.88,733603.63,566936.33,595218.58,518550.53,533752.72,665441.98,787577.8,357100.0,nan,nan,nan,nan,nan,nan,nan,,,,,,,,,,,,,,,,,,,,,,,,,,,,,,,,,,,,,,,,,,,,,,,,,,,,,,,,,,,,,,,,,,,,,,,,,,,,,,,,,,,,,,,,,,,,,,,,,,,,,,,,,,,,,,,,,,,,,,,,,,,,,,,,,,,,,,,,,,,,,,,,,,,,,,,,,,,,,,,,,,,,,,,,,,,,,,,,,,,,
BROOKLYN,2008,1781774.82,602419.45,668825.44,687707.63,852769.37,503992.83,516531.18,559853.18,615986.42,904846.21,599624.66,863384.26,684581.47,894871.84,708958.76,943101.11,575055.5,862912.9,732445.83,544623.33,997757.54,747156.86,524878.56,1155764.76,1251490.85,666903.1,495405.98,646766.51,1204183.05,636589.33,545790.87,539827.65,625275.7,476146.54,720924.15,745244.26,339560.0,nan,nan,410670.0,nan,nan,nan,nan,,,,,,,,,,,,,,,,,,,,,,,,,,,,,,,,,,,,,,,,,,,,,,,,,,,,,,,,,,,,,,,,,,,,,,,,,,,,,,,,,,,,,,,,,,,,,,,,,,,,,,,,,,,,,,,,,,,,,,,,,,,,,,,,,,,,,,,,,,,,,,,,,,,,,,,,,,,,,,,,,,,,,,,,,,,,,,,,,,,,
BROOKLYN,2009,811808.69,460756.68,677448.59,552453.63,703988.11,448938.69,402970.91,607405.7,542957.16,769700.26,769837.39,653745.77,599715.56,802763.54,567003.36,1030732.86,481478.94,792375.96,591117.01,424739.85,761036.32,679048.11,344628.2,632086.32,818004.65,870797.19,411256.39,566361.74,858945.84,606468.61,435394.03,492131.11,654288.36,433056.05,615831.47,673519.69,298764.93,nan,nan,265000.0,nan,nan,nan,nan,,,,,,,,,,,,,,,,,,,,,,,,,,,,,,,,,,,,,,,,,,,,,,,,,,,,,,,,,,,,,,,,,,,,,,,,,,,,,,,,,,,,,,,,,,,,,,,,,,,,,,,,,,,,,,,,,,,,,,,,,,,,,,,,,,,,,,,,,,,,,,,,,,,,,,,,,,,,,,,,,,,,,,,,,,,,,,,,,,,,
BROOKLYN,2010,1023822.27,460700.74,616199.18,548080.91,648277.68,419645.84,393976.05,672576.54,541337.35,869764.12,477224.81,606340.8,659841.4,840435.45,507393.1,919308.93,713239.47,681244.3,664033.55,467165.24,1023196.74,762725.2,465985.4,962450.31,782729.33,747210.36,533272.52,707302.25,1094120.16,552702.92,459177.83,543088.82,603086.17,472633.08,586790.38,695600.51,273238.0,nan,nan,848100.0,nan,nan,nan,nan,,,,,,,,,,,,,,,,,,,,,,,,,,,,,,,,,,,,,,,,,,,,,,,,,,,,,,,,,,,,,,,,,,,,,,,,,,,,,,,,,,,,,,,,,,,,,,,,,,,,,,,,,,,,,,,,,,,,,,,,,,,,,,,,,,,,,,,,,,,,,,,,,,,,,,,,,,,,,,,,,,,,,,,,,,,,,,,,,,,,
BROOKLYN,2011,1133930.82,529444.82,654397.69,753464.2,615340.65,558235.09,376049.08,554529.04,724381.87,1065615.49,580515.13,713553.19,769492.74,876036.59,497473.81,1270400.99,555055.36,739765.21,680954.35,495312.13,792199.86,786517.05,374317.56,932354.37,903993.2,701834.28,570638.19,645089.8,1008720.62,855227.47,428133.8,504410.81,719478.35,432538.31,614392.0,732010.53,347350.29,nan,nan,1258905.47,nan,nan,nan,nan,,,,,,,,,,,,,,,,,,,,,,,,,,,,,,,,,,,,,,,,,,,,,,,,,,,,,,,,,,,,,,,,,,,,,,,,,,,,,,,,,,,,,,,,,,,,,,,,,,,,,,,,,,,,,,,,,,,,,,,,,,,,,,,,,,,,,,,,,,,,,,,,,,,,,,,,,,,,,,,,,,,,,,,,,,,,,,,,,,,,
BROOKLYN,2012,1422516.42,469295.43,767000.98,920391.87,885619.81,435090.87,455044.76,660406.71,704587.98,1313399.02,820298.59,606531.92,732173.47,1070813.91,801728.39,1202308.75,654343.46,705095.56,803759.88,550799.98,972759.21,780348.62,422979.72,881927.62,1114075.2,704188.68,588170.49,676696.97,1212945.13,664099.45,500321.29,1124518.09,510125.49,814193.78,734578.53,854067.94,411248.0,nan,nan,839000.0,3238819.6,nan,nan,nan,,,,,,,,,,,,,,,,,,,,,,,,,,,,,,,,,,,,,,,,,,,,,,,,,,,,,,,,,,,,,,,,,,,,,,,,,,,,,,,,,,,,,,,,,,,,,,,,,,,,,,,,,,,,,,,,,,,,,,,,,,,,,,,,,,,,,,,,,,,,,,,,,,,,,,,,,,,,,,,,,,,,,,,,,,,,,,,,,,,,
BROOKLYN,2013,1678799.85,584021.75,821671.72,879978.93,948169.39,534436.79,402720.68,537947.39,618792.88,1469362.8,620918.51,705482.98,705946.36,1255101.21,819040.15,1560963.07,598675.54,966937.77,796293.33,547300.25,1434007.91,799998.16,1088672.75,1058526.98,1161209.26,754436.33,527805.28,711200.84,1635857.2,1571176.42,545084.33,542301.71,582876.41,417973.27,844089.4,947699.2,381928.75,nan,nan,nan,2148574.74,nan,nan,nan,,,,,,,,,,,,,,,,,,,,,,,,,,,,,,,,,,,,,,,,,,,,,,,,,,,,,,,,,,,,,,,,,,,,,,,,,,,,,,,,,,,,,,,,,,,,,,,,,,,,,,,,,,,,,,,,,,,,,,,,,,,,,,,,,,,,,,,,,,,,,,,,,,,,,,,,,,,,,,,,,,,,,,,,,,,,,,,,,,,,
BROOKLYN,2014,1828021.15,606770.5,887012.57,1167279.06,1814978.68,471677.17,535654.92,633163.16,657448.93,1951924.15,1205353.9,1086876.31,825950.32,1531807.93,1116288.01,1997574.75,756970.83,984007.4,1031259.36,897950.81,2231597.58,960788.21,611147.15,1225339.48,1289180.63,766436.11,787861.07,862509.13,1936741.28,1107319.1,928134.42,581074.22,846633.14,464567.94,1310948.69,1426861.62,390557.5,nan,nan,nan,3178217.53,nan,nan,nan,,,,,,,,,,,,,,,,,,,,,,,,,,,,,,,,,,,,,,,,,,,,,,,,,,,,,,,,,,,,,,,,,,,,,,,,,,,,,,,,,,,,,,,,,,,,,,,,,,,,,,,,,,,,,,,,,,,,,,,,,,,,,,,,,,,,,,,,,,,,,,,,,,,,,,,,,,,,,,,,,,,,,,,,,,,,,,,,,,,,
BROOKLYN,2015,2234039.87,700828.19,989004.69,1457911.96,2416731.58,683775.45,637680.14,756739.43,994418.51,2345426.08,1254905.77,1352086.07,921730.68,1742049.43,1321612.21,2421499.29,1077958.43,988470.42,1106686.55,951806.53,2255452.08,1069564.32,1361434.87,1818444.73,2118991.66,916480.99,684558.26,950415.44,2663110.23,2236690.71,949558.48,617812.02,680156.29,565390.79,2030523.19,1788818.11,296000.0,nan,nan,nan,3216956.18,nan,nan,nan,,,,,,,,,,,,,,,,,,,,,,,,,,,,,,,,,,,,,,,,,,,,,,,,,,,,,,,,,,,,,,,,,,,,,,,,,,,,,,,,,,,,,,,,,,,,,,,,,,,,,,,,,,,,,,,,,,,,,,,,,,,,,,,,,,,,,,,,,,,,,,,,,,,,,,,,,,,,,,,,,,,,,,,,,,,,,,,,,,,,
BROOKLYN,2016,3481809.16,675446.3,1163247.11,1810705.98,2375303.85,691526.48,599670.97,778364.66,833249.79,2817571.79,885418.2,1231278.94,897804.72,1683714.53,1621699.09,2184637.29,1081530.56,1213001.96,1073856.09,1192284.95,3106766.18,1122407.83,889497.76,1846780.82,1427794.79,990416.3,710191.38,1058533.03,1945365.45,1447340.3,1004392.5,679361.91,690681.53,659951.51,1602615.33,1539995.77,1724625.0,nan,nan,nan,2249071.31,nan,nan,nan,,,,,,,,,,,,,,,,,,,,,,,,,,,,,,,,,,,,,,,,,,,,,,,,,,,,,,,,,,,,,,,,,,,,,,,,,,,,,,,,,,,,,,,,,,,,,,,,,,,,,,,,,,,,,,,,,,,,,,,,,,,,,,,,,,,,,,,,,,,,,,,,,,,,,,,,,,,,,,,,,,,,,,,,,,,,,,,,,,,,
BROOKLYN,2017,3123793.86,709526.91,1183781.75,1236566.55,1765716.73,728209.74,640179.05,841549.1,899444.83,1780388.55,952450.08,1128598.47,926872.27,1709361.29,1447169.99,2124425.74,1113247.77,1236960.16,1349427.5,1218207.25,1527922.68,1192847.91,688156.73,1554533.76,1116052.72,1074253.73,706893.51,1109115.02,2442859.25,1868540.83,971426.97,612598.95,766955.69,647383.74,1780630.32,1295838.51,464696.06,171000000.0,nan,nan,2406693.5,nan,nan,nan,,,,,,,,,,,,,,,,,,,,,,,,,,,,,,,,,,,,,,,,,,,,,,,,,,,,,,,,,,,,,,,,,,,,,,,,,,,,,,,,,,,,,,,,,,,,,,,,,,,,,,,,,,,,,,,,,,,,,,,,,,,,,,,,,,,,,,,,,,,,,,,,,,,,,,,,,,,,,,,,,,,,,,,,,,,,,,,,,,,,
BROOKLYN,2018,2446816.2,748806.42,1113429.15,1481312.63,2069717.07,763377.41,718547.62,1292136.87,851624.19,1892479.35,797682.96,1299487.7,974037.73,2276637.43,1447329.98,2421524.15,1458551.54,1473036.33,1381949.2,1279262.56,2073761.19,1463699.77,1054587.58,1722619.31,1437580.34,1071016.01,836907.85,1059700.8,3872822.08,1477306.52,1068005.45,713969.6,734641.26,569096.4,1479929.24,1611525.45,100753235.0,nan,nan,nan,1807040.0,nan,nan,nan,,,,,,,,,,,,,,,,,,,,,,,,,,,,,,,,,,,,,,,,,,,,,,,,,,,,,,,,,,,,,,,,,,,,,,,,,,,,,,,,,,,,,,,,,,,,,,,,,,,,,,,,,,,,,,,,,,,,,,,,,,,,,,,,,,,,,,,,,,,,,,,,,,,,,,,,,,,,,,,,,,,,,,,,,,,,,,,,,,,,
BROOKLYN,2019,2702772.02,659825.68,1246875.67,2327028.18,2420714.69,740619.21,846255.91,824500.07,1281581.01,2090090.84,1853298.42,1241818.87,1105086.94,3654285.86,1833832.34,1926413.38,1193399.6,1358266.07,1443727.28,1674705.79,1941971.63,1347781.54,662364.93,1495300.24,1253269.6,1295881.65,793783.22,1106487.3,4281520.23,5050903.85,1126323.87,1101934.91,746667.74,2585413.0,2312751.05,2028156.43,554642.23,nan,nan,nan,3913469.07,nan,nan,nan,,,,,,,,,,,,,,,,,,,,,,,,,,,,,,,,,,,,,,,,,,,,,,,,,,,,,,,,,,,,,,,,,,,,,,,,,,,,,,,,,,,,,,,,,,,,,,,,,,,,,,,,,,,,,,,,,,,,,,,,,,,,,,,,,,,,,,,,,,,,,,,,,,,,,,,,,,,,,,,,,,,,,,,,,,,,,,,,,,,,
BRONX,2005,,,,,,,,,,,,,,,,,,,,,,,,,,,,,,,,,,,,,,,,,,,,,1119520.82,1184700.09,637575.27,505340.76,561333.51,588633.89,771477.87,767353.79,535687.45,553193.57,671470.07,556909.77,390807.76,616567.78,498005.29,462430.95,766397.26,555924.02,597859.1,559641.55,446064.56,617507.26,511436.24,764162.22,530869.32,,,,,,,,,,,,,,,,,,,,,,,,,,,,,,,,,,,,,,,,,,,,,,,,,,,,,,,,,,,,,,,,,,,,,,,,,,,,,,,,,,,,,,,,,,,,,,,,,,,,,,,,,,,,,,,,,,,,,,,,,,,,,,,,,,,,,,,,,,,,,,,,,,,,,,,,,,,
BRONX,2006,,,,,,,,,,,,,,,,,,,,,,,,,,,,,,,,,,,,,,,,,,,,,658789.97,1260364.74,1092869.76,940354.42,958092.27,700871.89,785643.0,777434.92,635125.42,823305.08,610472.45,380370.24,541864.55,542992.48,517772.48,467544.53,639254.5,824660.89,531792.18,456441.68,489012.91,700887.82,426130.95,877457.95,490449.72,,,,,,,,,,,,,,,,,,,,,,,,,,,,,,,,,,,,,,,,,,,,,,,,,,,,,,,,,,,,,,,,,,,,,,,,,,,,,,,,,,,,,,,,,,,,,,,,,,,,,,,,,,,,,,,,,,,,,,,,,,,,,,,,,,,,,,,,,,,,,,,,,,,,,,,,,,,
BRONX,2007,,,,,,,,,,,,,,,,,,,,,,,,,,,,,,,,,,,,,,,,,,,,,826051.04,2056099.44,1422272.07,933772.1,976176.52,939304.09,1356937.51,1267196.71,635064.78,1038136.37,705497.77,485127.56,442218.25,758418.6,502543.97,658962.54,803096.78,1264420.4,868604.99,550425.83,618900.85,631096.65,991650.46,1859403.34,1059834.46,,,,,,,,,,,,,,,,,,,,,,,,,,,,,,,,,,,,,,,,,,,,,,,,,,,,,,,,,,,,,,,,,,,,,,,,,,,,,,,,,,,,,,,,,,,,,,,,,,,,,,,,,,,,,,,,,,,,,,,,,,,,,,,,,,,,,,,,,,,,,,,,,,,,,,,,,,,
BRONX,2008,,,,,,,,,,,,,,,,,,,,,,,,,,,,,,,,,,,,,,,,,,,,,879001.77,938880.24,1441459.69,2122208.73,854984.28,799808.92,1043944.57,1358014.39,562900.38,713924.81,898390.64,314906.04,638585.43,482956.74,522401.22,588328.59,807357.45,1253323.65,503836.04,484691.11,513572.02,926073.96,550330.64,858958.06,513933.33,,,,,,,,,,,,,,,,,,,,,,,,,,,,,,,,,,,,,,,,,,,,,,,,,,,,,,,,,,,,,,,,,,,,,,,,,,,,,,,,,,,,,,,,,,,,,,,,,,,,,,,,,,,,,,,,,,,,,,,,,,,,,,,,,,,,,,,,,,,,,,,,,,,,,,,,,,,
BRONX,2009,,,,,,,,,,,,,,,,,,,,,,,,,,,,,,,,,,,,,,,,,,,,,496614.6,868345.12,1177217.29,1398647.0,1364590.32,445331.31,651682.63,627871.63,910988.86,603658.01,457220.37,512702.77,400312.58,607462.0,431168.59,401781.79,553754.94,858510.79,457200.99,488937.93,436460.63,694402.93,378440.58,1727334.77,387527.38,,,,,,,,,,,,,,,,,,,,,,,,,,,,,,,,,,,,,,,,,,,,,,,,,,,,,,,,,,,,,,,,,,,,,,,,,,,,,,,,,,,,,,,,,,,,,,,,,,,,,,,,,,,,,,,,,,,,,,,,,,,,,,,,,,,,,,,,,,,,,,,,,,,,,,,,,,,
BRONX,2010,,,,,,,,,,,,,,,,,,,,,,,,,,,,,,,,,,,,,,,,,,,,,1173606.72,2537463.39,1447691.44,1178935.48,1049722.24,1293045.98,1803631.28,1163203.9,397222.92,871719.63,584842.65,381114.64,763750.13,492738.97,550522.87,511851.17,554030.08,1437202.85,398861.91,458854.05,574807.76,559954.78,356396.36,813704.31,617000.0,,,,,,,,,,,,,,,,,,,,,,,,,,,,,,,,,,,,,,,,,,,,,,,,,,,,,,,,,,,,,,,,,,,,,,,,,,,,,,,,,,,,,,,,,,,,,,,,,,,,,,,,,,,,,,,,,,,,,,,,,,,,,,,,,,,,,,,,,,,,,,,,,,,,,,,,,,,
BRONX,2011,,,,,,,,,,,,,,,,,,,,,,,,,,,,,,,,,,,,,,,,,,,,,1190421.15,2711171.03,1533763.39,1381881.09,1391026.72,1160952.48,532801.69,986291.18,924709.93,1332240.99,463961.04,638811.86,480677.59,473794.36,554569.95,588136.53,654090.06,1374079.8,380361.71,660756.84,678783.56,883173.17,369436.35,780954.7,329250.0,,,,,,,,,,,,,,,,,,,,,,,,,,,,,,,,,,,,,,,,,,,,,,,,,,,,,,,,,,,,,,,,,,,,,,,,,,,,,,,,,,,,,,,,,,,,,,,,,,,,,,,,,,,,,,,,,,,,,,,,,,,,,,,,,,,,,,,,,,,,,,,,,,,,,,,,,,,
BRONX,2012,,,,,,,,,,,,,,,,,,,,,,,,,,,,,,,,,,,,,,,,,,,,,3377835.81,1590551.7,3276456.3,2254768.12,1318243.02,1297169.7,1002574.69,1399322.99,1115932.15,769570.73,573052.54,728875.17,530962.96,379470.74,555539.48,533741.37,1034944.19,1794666.42,638806.99,446763.04,518846.49,561466.5,603889.44,1294951.0,596977.38,,,,,,,,,,,,,,,,,,,,,,,,,,,,,,,,,,,,,,,,,,,,,,,,,,,,,,,,,,,,,,,,,,,,,,,,,,,,,,,,,,,,,,,,,,,,,,,,,,,,,,,,,,,,,,,,,,,,,,,,,,,,,,,,,,,,,,,,,,,,,,,,,,,,,,,,,,,
BRONX,2013,,,,,,,,,,,,,,,,,,,,,,,,,,,,,,,,,,,,,,,,,,,,,1241225.4,2127037.24,2371710.94,1126103.96,1413081.89,1751449.52,1144559.47,2718691.29,1610055.43,1195996.72,545063.14,593758.17,564197.97,448932.29,410910.86,567980.79,836610.78,1260830.66,401565.3,391653.21,507675.98,817309.34,647271.86,1212137.67,1105333.33,,,,,,,,,,,,,,,,,,,,,,,,,,,,,,,,,,,,,,,,,,,,,,,,,,,,,,,,,,,,,,,,,,,,,,,,,,,,,,,,,,,,,,,,,,,,,,,,,,,,,,,,,,,,,,,,,,,,,,,,,,,,,,,,,,,,,,,,,,,,,,,,,,,,,,,,,,,
BRONX,2014,,,,,,,,,,,,,,,,,,,,,,,,,,,,,,,,,,,,,,,,,,,,,1061126.82,2142755.1,1671232.83,1926877.88,2527667.7,1904395.39,2210661.11,1951347.0,964498.71,1641813.63,804476.06,938454.95,532084.94,535222.25,476839.37,537418.35,979962.52,2475398.1,460011.27,674184.17,494603.95,595784.53,434462.41,2908729.1,278552.4,,,,,,,,,,,,,,,,,,,,,,,,,,,,,,,,,,,,,,,,,,,,,,,,,,,,,,,,,,,,,,,,,,,,,,,,,,,,,,,,,,,,,,,,,,,,,,,,,,,,,,,,,,,,,,,,,,,,,,,,,,,,,,,,,,,,,,,,,,,,,,,,,,,,,,,,,,,
BRONX,2015,,,,,,,,,,,,,,,,,,,,,,,,,,,,,,,,,,,,,,,,,,,,,1537624.82,1721748.27,2906118.55,1520042.77,1394497.23,964677.15,1764465.18,1570087.13,759270.17,1035845.62,1865808.9,560380.38,896031.9,517726.17,606011.07,640598.43,1213125.73,1722885.99,448134.68,423398.48,952220.81,851045.62,879390.85,1429894.36,520711.0,,,,,,,,,,,,,,,,,,,,,,,,,,,,,,,,,,,,,,,,,,,,,,,,,,,,,,,,,,,,,,,,,,,,,,,,,,,,,,,,,,,,,,,,,,,,,,,,,,,,,,,,,,,,,,,,,,,,,,,,,,,,,,,,,,,,,,,,,,,,,,,,,,,,,,,,,,,
BRONX,2016,,,,,,,,,,,,,,,,,,,,,,,,,,,,,,,,,,,,,,,,,,,,,1271318.28,3303259.86,1503466.19,1924029.8,1297872.89,1394628.34,1390496.92,1735326.74,1616985.74,839150.85,839641.94,354566.58,681223.8,483215.67,460121.62,503348.25,1047006.99,2830159.82,458345.16,617355.34,579491.09,719828.93,1209770.59,2206852.19,2129468.89,,,,,,,,,,,,,,,,,,,,,,,,,,,,,,,,,,,,,,,,,,,,,,,,,,,,,,,,,,,,,,,,,,,,,,,,,,,,,,,,,,,,,,,,,,,,,,,,,,,,,,,,,,,,,,,,,,,,,,,,,,,,,,,,,,,,,,,,,,,,,,,,,,,,,,,,,,,
BRONX,2017,,,,,,,,,,,,,,,,,,,,,,,,,,,,,,,,,,,,,,,,,,,,,3239340.5,3057918.65,2089758.75,1663995.41,2071312.21,1349525.2,1475246.6,1529724.0,642289.44,1163292.26,543492.99,421504.6,771417.57,602780.21,727915.21,525755.58,687506.32,1189651.89,485442.32,531289.86,657317.59,753422.67,920307.81,2282819.0,1104341.8,,,,,,,,,,,,,,,,,,,,,,,,,,,,,,,,,,,,,,,,,,,,,,,,,,,,,,,,,,,,,,,,,,,,,,,,,,,,,,,,,,,,,,,,,,,,,,,,,,,,,,,,,,,,,,,,,,,,,,,,,,,,,,,,,,,,,,,,,,,,,,,,,,,,,,,,,,,
BRONX,2018,,,,,,,,,,,,,,,,,,,,,,,,,,,,,,,,,,,,,,,,,,,,,1594457.32,2842529.7,2848979.31,3504635.2,2307103.61,1227273.42,1271094.26,1969627.51,1066711.14,1301903.28,1048866.27,430552.23,636734.95,541532.28,544306.43,548262.11,880730.36,1160615.14,620565.8,623982.74,522004.76,746339.79,472767.32,1358817.58,757847.4,,,,,,,,,,,,,,,,,,,,,,,,,,,,,,,,,,,,,,,,,,,,,,,,,,,,,,,,,,,,,,,,,,,,,,,,,,,,,,,,,,,,,,,,,,,,,,,,,,,,,,,,,,,,,,,,,,,,,,,,,,,,,,,,,,,,,,,,,,,,,,,,,,,,,,,,,,,
BRONX,2019,,,,,,,,,,,,,,,,,,,,,,,,,,,,,,,,,,,,,,,,,,,,,3541543.15,3758228.28,760780.47,3329008.94,1545420.61,2416159.26,1445798.6,1695379.53,2396150.94,903096.2,861793.19,556190.69,645898.81,581642.13,551595.84,556397.53,1033915.12,1038080.78,605008.48,1363654.52,525147.52,1013247.24,1005375.47,6211315.25,522593.75,,,,,,,,,,,,,,,,,,,,,,,,,,,,,,,,,,,,,,,,,,,,,,,,,,,,,,,,,,,,,,,,,,,,,,,,,,,,,,,,,,,,,,,,,,,,,,,,,,,,,,,,,,,,,,,,,,,,,,,,,,,,,,,,,,,,,,,,,,,,,,,,,,,,,,,,,,,
QUEENS,2005,,,,,,,,,,,,,,,,,,,,,,,,,,,,,,,,,,,,,,,,,,,,,,,,,,,,,,,,,,,,,,,,,,,,,,517644.21,391605.69,394991.47,640423.45,580000.0,nan,477403.84,456385.4,748968.54,596714.5,613198.65,nan,509986.99,551658.94,499897.77,743934.5,415375.75,570566.64,636907.6,344052.35,646480.1,539632.79,542637.78,nan,400994.52,538973.39,383999.45,401030.89,507312.75,588274.58,573970.9,550855.63,377822.88,424237.28,438172.14,363132.12,499054.2,486360.55,474366.07,503249.43,461976.54,503425.71,442038.89,477879.17,439060.6,431250.38,488339.6,387894.83,nan,622267.41,444907.22,498716.48,419881.14,369183.03,4623461.4,647391.54,993230.43,507336.63,509564.22,351928.57,,,,,,,,,,,,,,,,,,,,,,,,,,,,,,,,,,,,,,,,,,,,,,,,,,,,,,,,,,,,,,,,,,,,,,,,,,,,,,,,,,,,,,,,,,,,,,,
QUEENS,2006,,,,,,,,,,,,,,,,,,,,,,,,,,,,,,,,,,,,,,,,,,,,,,,,,,,,,,,,,,,,,,,,,,,,,,662863.27,492952.9,345041.56,652597.61,nan,nan,753433.76,500377.2,738135.56,605817.56,663587.94,nan,564458.85,637965.1,530311.49,722649.06,421819.17,625120.08,983853.26,366017.1,697313.18,626100.37,615956.6,nan,533561.49,599225.89,409920.32,484053.02,681583.89,719305.04,572793.03,648426.64,439326.19,486653.31,432817.91,492932.73,564154.88,530310.4,537048.33,583719.19,519803.28,558002.9,509335.02,524207.58,490322.05,474316.4,546094.52,460325.7,44500000.0,675263.92,480027.13,549165.99,504795.12,435087.65,2633817.89,587559.28,1068767.61,831807.38,1050934.91,367428.57,,,,,,,,,,,,,,,,,,,,,,,,,,,,,,,,,,,,,,,,,,,,,,,,,,,,,,,,,,,,,,,,,,,,,,,,,,,,,,,,,,,,,,,,,,,,,,,
QUEENS,2007,,,,,,,,,,,,,,,,,,,,,,,,,,,,,,,,,,,,,,,,,,,,,,,,,,,,,,,,,,,,,,,,,,,,,,614780.68,469837.49,423317.46,618513.29,895000.0,nan,951798.18,542507.8,635224.61,604359.33,631208.56,nan,720960.96,629718.54,615627.23,743523.26,449316.64,631768.9,658079.53,346782.44,656120.94,872920.91,778283.88,nan,444271.49,490819.13,399955.29,488597.1,597200.53,698814.57,563055.49,633194.01,429887.4,490114.05,418392.45,322701.53,588437.29,608011.06,593708.6,593478.75,525150.78,570246.87,489837.45,510076.13,451304.49,901235.13,504998.26,475028.84,nan,778277.93,504425.98,585794.8,478516.65,432217.76,1288257.54,841036.15,1150046.76,609295.98,580575.54,418656.25,,,,,,,,,,,,,,,,,,,,,,,,,,,,,,,,,,,,,,,,,,,,,,,,,,,,,,,,,,,,,,,,,,,,,,,,,,,,,,,,,,,,,,,,,,,,,,,
QUEENS,2008,,,,,,,,,,,,,,,,,,,,,,,,,,,,,,,,,,,,,,,,,,,,,,,,,,,,,,,,,,,,,,,,,,,,,,537029.86,517668.52,336885.03,569864.89,nan,nan,645793.13,532388.55,713285.53,542481.01,666789.41,nan,517426.61,672431.21,500880.36,1076372.45,441877.12,586813.53,608031.91,667853.45,673315.12,527371.7,563309.11,nan,446440.6,686231.51,567181.76,389073.42,566930.31,646334.89,587227.72,647158.76,413213.59,540909.83,368028.17,371800.01,538576.39,473649.77,497152.0,472149.21,469924.27,420540.86,449268.38,571307.93,459901.91,454212.89,514800.87,414317.64,nan,676006.2,423793.88,450334.3,522771.03,384569.48,1327001.17,1250882.64,963522.84,774998.91,782540.91,494034.48,,,,,,,,,,,,,,,,,,,,,,,,,,,,,,,,,,,,,,,,,,,,,,,,,,,,,,,,,,,,,,,,,,,,,,,,,,,,,,,,,,,,,,,,,,,,,,,
QUEENS,2009,,,,,,,,,,,,,,,,,,,,,,,,,,,,,,,,,,,,,,,,,,,,,,,,,,,,,,,,,,,,,,,,,,,,,,460854.76,484305.78,355885.87,696831.42,nan,nan,558947.19,435140.89,629915.39,475380.0,559176.85,nan,458480.92,547159.74,508178.39,727142.73,423434.88,527492.64,560454.45,322361.17,762538.52,447475.19,481690.32,nan,342567.45,602042.77,333883.2,406510.11,501255.94,590667.8,544532.22,602009.88,334421.56,379620.51,398653.73,351787.27,438618.22,400625.73,401079.6,385819.82,381317.54,364837.52,407617.44,385564.62,412760.84,407317.75,422912.14,346013.33,nan,641824.92,353889.66,389314.9,416952.66,307948.95,882268.53,593588.33,772915.79,474159.6,391409.09,702272.92,,,,,,,,,,,,,,,,,,,,,,,,,,,,,,,,,,,,,,,,,,,,,,,,,,,,,,,,,,,,,,,,,,,,,,,,,,,,,,,,,,,,,,,,,,,,,,,
QUEENS,2010,,,,,,,,,,,,,,,,,,,,,,,,,,,,,,,,,,,,,,,,,,,,,,,,,,,,,,,,,,,,,,,,,,,,,,349237.54,327561.86,343291.84,566095.21,nan,nan,4602131.27,511607.07,605971.78,583860.57,638963.95,nan,506469.58,667151.49,706924.79,774790.66,521668.02,585033.95,583662.32,377391.84,624812.07,442634.89,657276.65,nan,602617.11,556047.61,396333.63,486302.96,607216.9,606936.29,543103.05,572509.39,341561.33,391079.21,412301.01,645563.84,634335.12,410785.62,485416.87,371456.54,357222.91,359892.95,371631.37,467511.86,429248.51,486819.24,362144.32,337620.53,nan,580703.62,353298.15,404953.42,349828.13,285582.91,1475013.02,811706.61,804798.89,729333.8,775046.71,899597.82,,,,,,,,,,,,,,,,,,,,,,,,,,,,,,,,,,,,,,,,,,,,,,,,,,,,,,,,,,,,,,,,,,,,,,,,,,,,,,,,,,,,,,,,,,,,,,,
QUEENS,2011,,,,,,,,,,,,,,,,,,,,,,,,,,,,,,,,,,,,,,,,,,,,,,,,,,,,,,,,,,,,,,,,,,,,,,573717.72,416045.87,335971.72,616701.85,3000000.0,nan,549094.26,489842.36,618555.64,580510.84,655002.22,nan,480204.87,580816.93,433469.21,1747535.29,436730.23,551963.2,589246.65,340929.84,601203.31,786093.63,499504.85,nan,392270.11,473341.12,438167.37,422596.26,493710.21,651168.75,526285.39,715122.98,310832.75,348078.4,435412.7,435091.05,425751.98,416735.07,484489.54,366166.95,353388.42,364050.53,372938.95,425271.84,837339.67,383216.89,393881.86,295571.38,nan,712107.93,309228.27,415897.16,374625.2,303560.22,2607579.94,850910.52,699725.23,504378.26,641688.43,830533.75,,,,,,,,,,,,,,,,,,,,,,,,,,,,,,,,,,,,,,,,,,,,,,,,,,,,,,,,,,,,,,,,,,,,,,,,,,,,,,,,,,,,,,,,,,,,,,,
QUEENS,2012,,,,,,,,,,,,,,,,,,,,,,,,,,,,,,,,,,,,,,,,,,,,,,,,,,,,,,,,,,,,,,,,,,,,,,590111.02,1653270.74,355530.13,616954.15,nan,nan,568256.79,499828.01,588300.16,539424.88,658770.08,nan,434295.46,635812.22,443964.1,723855.45,432332.04,557003.08,558401.03,337902.23,574004.11,527894.14,470711.94,nan,367486.26,527788.22,390420.5,486101.91,456821.09,636607.89,552801.52,724663.08,333539.04,399316.55,363362.11,300120.57,900019.7,444719.97,425959.62,414796.02,382063.5,395579.68,389797.53,457351.44,407323.95,409355.53,395930.84,334413.31,16450000.0,887853.73,368104.59,530345.52,582912.96,280973.17,3467744.14,910700.12,950776.82,699829.63,613559.27,821334.2,,,,,,,,,,,,,,,,,,,,,,,,,,,,,,,,,,,,,,,,,,,,,,,,,,,,,,,,,,,,,,,,,,,,,,,,,,,,,,,,,,,,,,,,,,,,,,,
QUEENS,2013,,,,,,,,,,,,,,,,,,,,,,,,,,,,,,,,,,,,,,,,,,,,,,,,,,,,,,,,,,,,,,,,,,,,,,455148.01,570349.18,250954.45,558444.35,nan,nan,822288.71,607728.86,624374.81,602977.08,622605.76,nan,490222.51,579474.61,495969.32,1739001.84,420845.0,585963.1,596653.5,347664.81,646119.87,520247.78,465070.19,nan,607015.61,842160.02,669187.55,458500.35,701388.35,842972.67,554770.68,653427.47,393765.69,385246.92,384446.83,350395.02,456893.95,442062.19,426663.79,466385.79,375137.41,414037.29,500456.74,545217.02,429684.88,412151.08,377498.34,359154.88,nan,991572.13,371384.31,475980.84,420388.38,297660.44,2133272.76,1315239.18,1017302.06,1032869.73,960572.82,842685.48,,,,,,,,,,,,,,,,,,,,,,,,,,,,,,,,,,,,,,,,,,,,,,,,,,,,,,,,,,,,,,,,,,,,,,,,,,,,,,,,,,,,,,,,,,,,,,,
QUEENS,2014,,,,,,,,,,,,,,,,,,,,,,,,,,,,,,,,,,,,,,,,,,,,,,,,,,,,,,,,,,,,,,,,,,,,,,745785.94,507419.72,416567.35,589074.64,nan,nan,845465.66,605137.88,683016.29,633696.08,839808.17,nan,497306.62,742713.1,513519.26,733941.07,457583.87,675147.94,745274.24,810387.21,710023.32,615813.1,648766.4,nan,425501.12,884740.57,366283.4,481599.06,667330.97,824512.94,643091.21,812794.39,433427.42,438008.38,409961.91,387269.34,489108.54,442818.32,623211.6,452401.17,423676.31,428486.32,388346.46,626349.26,487305.02,433642.14,417308.06,395493.88,nan,967251.37,480514.21,355323.52,427703.03,526634.87,3524750.22,1938885.71,1296364.52,893221.06,1513757.27,851825.37,,,,,,,,,,,,,,,,,,,,,,,,,,,,,,,,,,,,,,,,,,,,,,,,,,,,,,,,,,,,,,,,,,,,,,,,,,,,,,,,,,,,,,,,,,,,,,,
QUEENS,2015,,,,,,,,,,,,,,,,,,,,,,,,,,,,,,,,,,,,,,,,,,,,,,,,,,,,,,,,,,,,,,,,,,,,,,574621.89,536448.1,442183.06,636520.78,nan,nan,1974673.45,895043.12,682890.16,573401.59,921175.02,nan,532515.98,726774.89,549291.61,731855.89,520730.76,683947.49,1382042.21,676332.24,743841.42,549078.84,711160.9,nan,508855.02,677819.15,493501.33,615698.33,759130.43,747105.53,643659.99,971686.82,387596.05,402728.42,457898.71,542000.83,510287.38,487120.55,625795.27,482731.22,458299.76,508367.27,443234.43,615364.94,422843.95,517601.68,522062.55,372401.63,nan,730751.96,497287.68,536162.84,643526.54,374759.68,4989650.05,1485048.84,1043325.45,1045204.39,1391797.77,755478.26,,,,,,,,,,,,,,,,,,,,,,,,,,,,,,,,,,,,,,,,,,,,,,,,,,,,,,,,,,,,,,,,,,,,,,,,,,,,,,,,,,,,,,,,,,,,,,,
QUEENS,2016,,,,,,,,,,,,,,,,,,,,,,,,,,,,,,,,,,,,,,,,,,,,,,,,,,,,,,,,,,,,,,,,,,,,,,591053.4,496825.18,494733.67,631180.51,nan,nan,1309251.17,904284.21,800229.36,643010.6,952304.03,nan,551142.03,739515.69,570141.72,790358.27,536084.58,741808.19,959609.09,439682.81,937575.28,698070.25,642553.54,nan,820377.66,1150721.63,842545.89,566693.11,839314.7,899041.92,683959.22,1025922.3,395939.44,487007.95,500533.99,557122.67,519513.05,535184.04,593716.18,536361.9,474284.75,557287.2,438907.07,532103.94,490857.2,508241.97,480518.14,446105.58,7800000.0,857680.68,404071.03,437144.54,452193.78,388223.18,5583547.13,1427029.38,1668160.46,1411545.06,917243.93,939723.5,,,,,,,,,,,,,,,,,,,,,,,,,,,,,,,,,,,,,,,,,,,,,,,,,,,,,,,,,,,,,,,,,,,,,,,,,,,,,,,,,,,,,,,,,,,,,,,
QUEENS,2017,,,,,,,,,,,,,,,,,,,,,,,,,,,,,,,,,,,,,,,,,,,,,,,,,,,,,,,,,,,,,,,,,,,,,,1093525.79,477178.55,457136.51,704718.34,471785.71,nan,1129110.65,1021990.21,853673.92,724929.81,963616.44,nan,694125.81,880817.01,605819.29,887068.35,550360.84,781410.12,800722.01,483634.34,750499.56,986557.86,751021.82,nan,604139.14,793618.98,815650.19,551957.73,819881.46,1298199.03,773243.18,867417.47,438831.52,666326.47,431200.31,489280.16,729204.39,678684.8,728520.28,552973.32,520377.55,560346.8,472705.36,1085165.18,505059.79,497816.51,481415.08,451861.57,nan,843229.28,483729.71,492789.6,474377.75,630376.29,2103175.42,1478685.81,1417614.88,882845.74,1065043.23,767016.67,,,,,,,,,,,,,,,,,,,,,,,,,,,,,,,,,,,,,,,,,,,,,,,,,,,,,,,,,,,,,,,,,,,,,,,,,,,,,,,,,,,,,,,,,,,,,,,
QUEENS,2018,,,,,,,,,,,,,,,,,,,,,,,,,,,,,,,,,,,,,,,,,,,,,,,,,,,,,,,,,,,,,,,,,,,,,,667804.29,556885.55,427661.4,756977.34,461156.98,nan,1033884.17,1103690.41,939657.45,772184.89,1021480.98,nan,711343.46,890088.91,666249.27,869811.61,559474.0,849212.82,869008.82,544433.73,891409.38,701689.24,764003.13,nan,843148.64,1267717.34,666862.26,1129351.8,1153629.65,1451635.84,802153.86,979531.51,488790.52,541298.98,431749.49,602978.51,632184.93,591626.98,711406.2,652483.36,620826.33,623816.09,540347.89,674644.54,579702.16,620760.73,567041.07,489628.15,367000.0,991027.7,810839.19,552276.46,531575.7,618980.67,3256154.27,1322570.72,1266239.82,976755.83,1536119.21,900983.33,,,,,,,,,,,,,,,,,,,,,,,,,,,,,,,,,,,,,,,,,,,,,,,,,,,,,,,,,,,,,,,,,,,,,,,,,,,,,,,,,,,,,,,,,,,,,,,
QUEENS,2019,,,,,,,,,,,,,,,,,,,,,,,,,,,,,,,,,,,,,,,,,,,,,,,,,,,,,,,,,,,,,,,,,,,,,,3580971.88,598607.17,479629.81,913358.36,477219.64,1077043.0,1152313.8,1121054.2,893283.41,835425.82,1092906.96,nan,663225.28,915874.22,623166.68,918830.28,611454.74,785750.46,876490.74,1806494.72,1073101.82,718046.48,1231032.05,nan,884212.26,939581.44,1362970.67,698511.28,1435110.47,1363929.9,792872.7,1601093.08,508009.64,1157027.96,499744.6,478023.92,641800.33,724836.76,658176.2,655824.64,579561.34,639738.34,568556.95,732299.04,539320.49,604237.75,646554.84,564445.66,902000.0,1111892.95,539288.64,1757808.12,1312346.56,488062.46,7004658.6,1344024.81,1502372.82,968677.0,4040304.13,840312.48,,,,,,,,,,,,,,,,,,,,,,,,,,,,,,,,,,,,,,,,,,,,,,,,,,,,,,,,,,,,,,,,,,,,,,,,,,,,,,,,,,,,,,,,,,,,,,,
MANHATTAN,2005,,,,,,,,,,,,,,,,,,,,,,,,,,,,,,,,,,,,,,,,,,,,,,,,,,,,,,,,,,,,,,,,,,,,,,,,,,,,,,,,,,,,,,,,,,,,,,,,,,,,,,,,,,,,,,,,,,,,,,,,,,,,,,,,,,5913184.02,1099811.8,1344458.5,8157213.18,20521815.0,7128608.8,1182027.12,3989610.92,2525080.24,2801091.73,1541462.49,2399827.68,6238161.45,7211338.6,3361848.02,nan,2144455.45,1873716.15,1597480.36,1560206.83,1524137.59,1286730.48,1873130.63,2002182.55,824611.02,9388529.0,1581472.99,877298.83,959447.28,1722621.04,12615899.35,5457874.24,5367446.86,8394320.85,1301388.66,nan,nan,nan,nan,nan,nan,nan,nan,nan,nan,nan,nan,nan,nan,nan,nan,1470557.77,nan,nan,nan,nan,nan,nan,nan,nan,nan,nan,nan,nan,nan,nan,nan,nan,nan,nan,nan,nan,nan,nan,nan,nan,nan,748955.83,nan,nan,nan,nan,,,,,,,,,,,,,
MANHATTAN,2006,,,,,,,,,,,,,,,,,,,,,,,,,,,,,,,,,,,,,,,,,,,,,,,,,,,,,,,,,,,,,,,,,,,,,,,,,,,,,,,,,,,,,,,,,,,,,,,,,,,,,,,,,,,,,,,,,,,,,,,,,,,,,,,,,,3452855.59,981243.2,1925788.21,1365695.33,2559402.88,6459870.64,31559938.76,1748865.58,2782332.19,3317553.47,2010437.57,2428502.72,9034090.06,11356869.8,7237464.74,nan,2131097.57,3637476.79,1371098.32,1376962.51,1622476.97,1446771.07,1746499.56,1922850.06,1073508.18,1360835.78,1996832.15,1498420.71,920953.33,1232532.58,5342509.7,2606820.45,3096600.14,2645256.07,1019162.54,nan,nan,nan,nan,nan,nan,nan,nan,nan,nan,nan,nan,nan,nan,nan,nan,1474850.43,nan,nan,nan,nan,nan,nan,nan,nan,nan,nan,nan,nan,nan,nan,nan,nan,nan,nan,nan,nan,nan,nan,nan,nan,nan,736296.68,nan,nan,nan,nan,,,,,,,,,,,,,
MANHATTAN,2007,,,,,,,,,,,,,,,,,,,,,,,,,,,,,,,,,,,,,,,,,,,,,,,,,,,,,,,,,,,,,,,,,,,,,,,,,,,,,,,,,,,,,,,,,,,,,,,,,,,,,,,,,,,,,,,,,,,,,,,,,,,,,,,,,,10533194.66,1714500.87,1980843.73,9251743.94,1321578.92,1990765.83,1814367.21,3874423.99,3350807.2,8149397.1,1996337.98,2832367.1,7672858.44,28591099.43,6903990.33,111037737.5,2405966.2,3298092.28,1872764.05,2656755.43,1222392.66,1547106.86,2186402.14,2928493.09,1411667.69,1318005.99,2456562.8,1611612.76,973569.65,2784320.34,6998430.38,1820104.0,3200480.41,1079952.77,1501067.19,nan,nan,nan,nan,nan,nan,nan,nan,nan,nan,nan,nan,nan,nan,nan,nan,1580961.24,nan,nan,nan,nan,nan,nan,nan,nan,nan,nan,nan,nan,nan,nan,nan,nan,nan,nan,nan,nan,nan,nan,nan,nan,nan,754416.67,nan,nan,nan,nan,,,,,,,,,,,,,
MANHATTAN,2008,,,,,,,,,,,,,,,,,,,,,,,,,,,,,,,,,,,,,,,,,,,,,,,,,,,,,,,,,,,,,,,,,,,,,,,,,,,,,,,,,,,,,,,,,,,,,,,,,,,,,,,,,,,,,,,,,,,,,,,,,,,,,,,,,,6888106.56,1392288.24,1926435.34,1579375.92,1058418.15,2704447.75,1317759.82,1897493.89,3669109.5,3190825.6,2560610.22,1454248.78,3584422.88,8412511.14,3043514.5,nan,2380342.06,6098225.82,2583310.24,1667158.98,1498917.01,1133193.87,2773587.35,898730.92,1277824.9,975970.47,1046580.85,1212332.53,716552.19,1177914.59,2354997.1,518247.47,1478713.43,1478644.26,1174192.8,nan,nan,nan,nan,nan,nan,nan,nan,nan,nan,nan,nan,nan,nan,nan,nan,2079226.95,nan,nan,nan,nan,nan,nan,nan,nan,nan,nan,nan,nan,nan,nan,nan,nan,nan,nan,nan,nan,nan,nan,nan,nan,nan,1161896.57,nan,2534868.68,nan,nan,,,,,,,,,,,,,
MANHATTAN,2009,,,,,,,,,,,,,,,,,,,,,,,,,,,,,,,,,,,,,,,,,,,,,,,,,,,,,,,,,,,,,,,,,,,,,,,,,,,,,,,,,,,,,,,,,,,,,,,,,,,,,,,,,,,,,,,,,,,,,,,,,,,,,,,,,,4775353.02,698320.48,1288504.21,1927024.99,674963.68,2586287.05,755679.63,1417378.69,2452713.01,2649458.97,2052831.37,1040862.06,1621904.73,14050596.58,5978501.3,nan,2329782.27,2044800.61,1602163.48,1386496.84,1076526.28,836619.65,1879555.85,1723870.72,923434.08,702921.38,894451.52,602419.91,770948.08,1412542.6,2891826.27,998949.07,854587.42,1206564.5,723805.88,nan,nan,nan,nan,nan,nan,nan,nan,nan,nan,nan,nan,nan,nan,nan,nan,1612062.74,nan,nan,nan,nan,nan,nan,nan,nan,nan,nan,nan,nan,nan,nan,nan,nan,nan,nan,nan,nan,nan,nan,nan,nan,nan,1604988.93,nan,3789975.5,nan,nan,,,,,,,,,,,,,
MANHATTAN,2010,,,,,,,,,,,,,,,,,,,,,,,,,,,,,,,,,,,,,,,,,,,,,,,,,,,,,,,,,,,,,,,,,,,,,,,,,,,,,,,,,,,,,,,,,,,,,,,,,,,,,,,,,,,,,,,,,,,,,,,,,,,,,,,,,,6215075.42,1466232.26,2521776.45,1847454.54,867114.37,3153587.72,1594657.89,2164189.75,2914549.94,2997903.63,3528468.27,1755456.18,3567366.12,20671449.44,2822483.68,nan,3027027.02,5745754.82,1937199.94,2257374.88,1345266.14,1055548.26,2279339.77,1728922.42,1141564.15,946956.65,1861775.91,1571505.7,906177.42,839047.7,3629446.4,9012311.06,2912070.04,3295803.85,937431.18,nan,nan,nan,nan,nan,nan,nan,nan,nan,nan,nan,nan,nan,nan,nan,nan,1656315.65,nan,nan,nan,nan,nan,nan,nan,nan,nan,nan,nan,nan,nan,nan,nan,nan,nan,nan,nan,nan,nan,nan,nan,nan,nan,1259655.13,nan,2516145.67,nan,nan,,,,,,,,,,,,,
MANHATTAN,2011,,,,,,,,,,,,,,,,,,,,,,,,,,,,,,,,,,,,,,,,,,,,,,,,,,,,,,,,,,,,,,,,,,,,,,,,,,,,,,,,,,,,,,,,,,,,,,,,,,,,,,,,,,,,,,,,,,,,,,,,,,,,,,,,,,8369974.77,1229278.42,1822500.43,4582687.99,3305265.59,5071701.0,1956706.09,4046901.83,2773791.32,3343054.32,2554186.31,2381541.41,8623105.6,6591870.05,3172151.02,165000000.0,2418196.44,2450124.27,2083122.8,2583632.15,1213306.3,1029213.95,2071449.6,1244055.65,691926.67,1281729.74,1677893.76,748162.66,628014.31,995870.99,8010087.05,2763220.38,2594287.96,1180278.21,705113.08,nan,nan,nan,nan,nan,nan,nan,nan,nan,nan,nan,nan,nan,nan,nan,nan,2049321.9,nan,nan,nan,nan,nan,nan,nan,nan,nan,nan,nan,nan,nan,nan,nan,nan,nan,nan,nan,nan,nan,nan,nan,nan,nan,1129186.74,nan,nan,nan,nan,,,,,,,,,,,,,
MANHATTAN,2012,,,,,,,,,,,,,,,,,,,,,,,,,,,,,,,,,,,,,,,,,,,,,,,,,,,,,,,,,,,,,,,,,,,,,,,,,,,,,,,,,,,,,,,,,,,,,,,,,,,,,,,,,,,,,,,,,,,,,,,,,,,,,,,,,,4966548.96,1760226.09,1679777.52,3833599.33,3777020.99,2725310.27,2156966.91,2784276.6,6124677.97,5578425.27,4552595.93,2562015.5,2442004.55,9907335.92,4378564.62,nan,2347469.38,3407337.04,2041032.57,2222880.77,2308212.55,1294406.78,2524513.56,1547499.66,1392373.29,1822826.16,2458528.96,1808930.98,1189063.39,931088.05,8369268.52,847455.85,6941074.45,1314011.85,1003873.05,nan,nan,nan,nan,nan,nan,nan,nan,nan,nan,nan,nan,nan,nan,nan,nan,2138575.31,nan,nan,nan,nan,nan,nan,nan,nan,nan,nan,nan,nan,nan,nan,nan,nan,nan,nan,nan,nan,nan,nan,nan,nan,nan,1153692.26,nan,2498981.25,nan,nan,,,,,,,,,,,,,
MANHATTAN,2013,,,,,,,,,,,,,,,,,,,,,,,,,,,,,,,,,,,,,,,,,,,,,,,,,,,,,,,,,,,,,,,,,,,,,,,,,,,,,,,,,,,,,,,,,,,,,,,,,,,,,,,,,,,,,,,,,,,,,,,,,,,,,,,,,,8697285.89,1465738.57,2275745.36,6190159.77,2926185.39,9999905.95,2530318.77,3803254.59,3703247.51,4770264.69,2934930.72,1486412.68,7024039.69,21138515.49,3959729.83,1307965050.0,2284542.49,4321797.47,1963120.88,2389673.72,1469566.51,1426296.27,1729372.83,2584623.08,1551850.94,2644587.17,2553235.9,1302825.0,878439.39,1838321.0,4039124.48,754304.64,4475342.99,2694908.15,1474172.27,nan,nan,nan,nan,nan,nan,nan,nan,nan,nan,nan,nan,nan,nan,nan,nan,1716144.19,nan,nan,nan,nan,nan,nan,nan,nan,nan,nan,nan,nan,nan,nan,nan,nan,nan,nan,nan,nan,nan,nan,nan,nan,nan,2233727.39,nan,nan,nan,nan,,,,,,,,,,,,,
MANHATTAN,2014,,,,,,,,,,,,,,,,,,,,,,,,,,,,,,,,,,,,,,,,,,,,,,,,,,,,,,,,,,,,,,,,,,,,,,,,,,,,,,,,,,,,,,,,,,,,,,,,,,,,,,,,,,,,,,,,,,,,,,,,,,,,,,,,,,12633944.81,1881967.55,1921097.97,1550603.94,8040227.55,6692879.55,32278040.13,4013290.91,8941648.82,4748554.47,3477107.89,2139680.96,2079137.52,19331016.37,6530529.1,nan,2739115.0,6906395.71,2295313.81,2158445.71,1646044.03,1580497.75,3488562.61,4044026.41,1867730.71,1750145.65,2098015.02,1891834.84,990271.24,4005380.18,8896740.41,518896.1,10715297.53,1423530.89,1399667.6,nan,nan,nan,nan,nan,nan,nan,nan,nan,nan,nan,nan,nan,nan,nan,nan,2868405.0,nan,nan,nan,nan,nan,nan,nan,nan,nan,nan,nan,nan,nan,nan,nan,nan,nan,nan,nan,nan,nan,nan,nan,nan,nan,1515358.15,nan,1998333.33,nan,nan,,,,,,,,,,,,,
MANHATTAN,2015,,,,,,,,,,,,,,,,,,,,,,,,,,,,,,,,,,,,,,,,,,,,,,,,,,,,,,,,,,,,,,,,,,,,,,,,,,,,,,,,,,,,,,,,,,,,,,,,,,,,,,,,,,,,,,,,,,,,,,,,,,,,,,,,,,10841445.15,3608012.92,2692201.85,10588689.86,2838442.39,4634230.77,35605699.14,13609629.95,6986619.66,5610117.11,4227733.62,2839864.21,3832510.81,17564215.15,5154840.96,nan,2834096.67,5910853.9,2719617.47,3639177.83,1918285.58,1963456.46,2637354.08,3036239.34,3246474.39,1958718.08,2621336.99,1875729.71,1292573.79,2056932.58,18810374.98,1869211.09,3564324.98,985361.42,1139885.42,nan,nan,nan,nan,nan,nan,nan,nan,nan,nan,nan,nan,nan,nan,nan,nan,2098349.47,nan,nan,nan,nan,nan,nan,nan,nan,nan,nan,nan,nan,nan,nan,nan,nan,nan,nan,nan,nan,nan,nan,nan,nan,nan,1256718.7,nan,2984617.22,nan,nan,,,,,,,,,,,,,
MANHATTAN,2016,,,,,,,,,,,,,,,,,,,,,,,,,,,,,,,,,,,,,,,,,,,,,,,,,,,,,,,,,,,,,,,,,,,,,,,,,,,,,,,,,,,,,,,,,,,,,,,,,,,,,,,,,,,,,,,,,,,,,,,,,,,,,,,,,,14289189.61,3019828.54,3284694.91,6123303.49,5311413.58,4285117.29,2777653.0,3934391.91,5961911.94,8857262.11,3428506.62,3075507.98,3051796.92,21813032.66,6747294.13,nan,2323017.04,8056150.7,2292311.55,2884578.72,2152577.47,2856085.11,2737616.58,2684451.03,2281239.67,2321054.91,3476672.56,2317496.58,1887727.71,4271875.98,3621403.44,10707430.33,4892047.58,1181020.52,2024777.88,nan,nan,nan,nan,nan,nan,nan,nan,nan,77782550.0,nan,nan,nan,nan,nan,nan,2345086.7,nan,nan,nan,nan,nan,nan,nan,nan,nan,nan,nan,nan,nan,nan,nan,nan,nan,nan,nan,nan,nan,nan,nan,nan,nan,1096106.85,nan,3586746.88,nan,nan,,,,,,,,,,,,,
MANHATTAN,2017,,,,,,,,,,,,,,,,,,,,,,,,,,,,,,,,,,,,,,,,,,,,,,,,,,,,,,,,,,,,,,,,,,,,,,,,,,,,,,,,,,,,,,,,,,,,,,,,,,,,,,,,,,,,,,,,,,,,,,,,,,,,,,,,,,4222464.47,3179993.41,2491433.13,7750614.97,3000371.0,5730899.83,2053052.98,3623010.44,3946819.86,6441702.83,4861700.91,2126806.86,3594925.41,21432618.88,3196376.8,nan,2422824.74,3271705.98,2481686.16,2497590.55,2158007.73,1806415.01,2883986.19,1901384.78,1933444.31,1945296.71,1641184.02,2838259.78,1428530.31,2407717.92,3516804.05,728806.65,1982582.08,1661182.34,1133160.96,nan,nan,nan,nan,nan,nan,nan,nan,nan,nan,nan,nan,nan,nan,nan,nan,2081857.46,nan,nan,nan,nan,nan,nan,nan,nan,nan,2210000000.0,nan,nan,nan,nan,nan,nan,nan,nan,nan,nan,nan,nan,nan,nan,nan,1042284.97,nan,2620804.09,nan,nan,,,,,,,,,,,,,
MANHATTAN,2018,,,,,,,,,,,,,,,,,,,,,,,,,,,,,,,,,,,,,,,,,,,,,,,,,,,,,,,,,,,,,,,,,,,,,,,,,,,,,,,,,,,,,,,,,,,,,,,,,,,,,,,,,,,,,,,,,,,,,,,,,,,,,,,,,,12274294.41,2867962.49,2653000.76,1504297.02,3402031.59,6782405.14,3200081.93,6105338.74,4793676.4,6226050.86,5631273.71,2158584.44,4925966.97,24870773.24,5410955.24,nan,2215405.76,4814331.89,3619019.31,3404079.57,3355346.25,2609331.28,2483828.8,2838876.48,3522129.06,2741617.16,2612461.04,1414387.8,1138669.88,2448013.35,14182632.95,1416707.05,3187792.39,1472659.39,1079975.8,nan,nan,nan,nan,750000.0,nan,nan,nan,nan,nan,nan,nan,nan,nan,nan,nan,2604578.34,nan,nan,nan,nan,nan,nan,nan,nan,nan,nan,nan,nan,nan,nan,nan,nan,nan,nan,nan,nan,nan,nan,nan,nan,nan,1053356.1,nan,2638888.89,nan,nan,,,,,,,,,,,,,
MANHATTAN,2019,,,,,,,,,,,,,,,,,,,,,,,,,,,,,,,,,,,,,,,,,,,,,,,,,,,,,,,,,,,,,,,,,,,,,,,,,,,,,,,,,,,,,,,,,,,,,,,,,,,,,,,,,,,,,,,,,,,,,,,,,,,,,,,,,,13690536.15,2525320.65,2941589.47,1288568.67,1067525.0,5695576.62,1962471.36,3925073.89,5547479.65,5725540.48,3738509.18,1536568.12,10039650.31,36359953.2,5903509.44,285000000.0,2675368.27,7334259.96,2430585.81,2496035.58,2077237.6,3703064.84,2986098.52,9191815.3,3818641.93,1796914.58,1078110.58,1614459.88,670396.99,4194890.52,5010553.56,4542782.65,54701167.32,3466467.21,4282920.92,nan,nan,nan,nan,119687955.0,nan,nan,nan,nan,nan,nan,nan,nan,nan,nan,nan,2293494.56,nan,nan,nan,nan,nan,nan,nan,nan,nan,nan,nan,nan,nan,nan,nan,nan,nan,nan,nan,nan,nan,nan,nan,nan,nan,1148794.66,nan,2471107.14,nan,nan,,,,,,,,,,,,,
STATEN ISLAND,2005,,,,,,,,,,,,,,,,,,,,,,,,,,,,,,,,,,,,,,,,,,,,,,,,,,,,,,,,,,,,,,,,,,,,,,,,,,,,,,,,,,,,,,,,,,,,,,,,,,,,,,,,,,,,,,,,,,,,,,,,,,,,,,,,,,,,,,,,,,,,,,,,,,,,,,,,,,,,,,,,,,,,,,,,,,,,,,,,,,,,,,,,,,,,,,,,,,,,,,,,,,,,,,,,,,,,467863.59,430264.62,353881.3,420178.06,425367.13,457351.88,586818.58,483493.54,653427.04,384136.16,nan,470968.5,438352.02
STATEN ISLAND,2006,,,,,,,,,,,,,,,,,,,,,,,,,,,,,,,,,,,,,,,,,,,,,,,,,,,,,,,,,,,,,,,,,,,,,,,,,,,,,,,,,,,,,,,,,,,,,,,,,,,,,,,,,,,,,,,,,,,,,,,,,,,,,,,,,,,,,,,,,,,,,,,,,,,,,,,,,,,,,,,,,,,,,,,,,,,,,,,,,,,,,,,,,,,,,,,,,,,,,,,,,,,,,,,,,,,,506805.31,474609.59,371312.5,506531.92,453385.39,468489.89,600471.61,471951.4,602637.77,456740.33,nan,506269.27,455103.24
STATEN ISLAND,2007,,,,,,,,,,,,,,,,,,,,,,,,,,,,,,,,,,,,,,,,,,,,,,,,,,,,,,,,,,,,,,,,,,,,,,,,,,,,,,,,,,,,,,,,,,,,,,,,,,,,,,,,,,,,,,,,,,,,,,,,,,,,,,,,,,,,,,,,,,,,,,,,,,,,,,,,,,,,,,,,,,,,,,,,,,,,,,,,,,,,,,,,,,,,,,,,,,,,,,,,,,,,,,,,,,,,527398.01,443299.55,505632.99,549096.15,585904.15,502445.57,571113.06,458184.98,581238.31,463011.79,nan,495105.82,446841.99
STATEN ISLAND,2008,,,,,,,,,,,,,,,,,,,,,,,,,,,,,,,,,,,,,,,,,,,,,,,,,,,,,,,,,,,,,,,,,,,,,,,,,,,,,,,,,,,,,,,,,,,,,,,,,,,,,,,,,,,,,,,,,,,,,,,,,,,,,,,,,,,,,,,,,,,,,,,,,,,,,,,,,,,,,,,,,,,,,,,,,,,,,,,,,,,,,,,,,,,,,,,,,,,,,,,,,,,,,,,,,,,,452420.05,479125.99,410062.1,477373.33,410092.74,445733.88,560373.15,421020.58,531586.93,421927.7,nan,468700.8,450751.79
STATEN ISLAND,2009,,,,,,,,,,,,,,,,,,,,,,,,,,,,,,,,,,,,,,,,,,,,,,,,,,,,,,,,,,,,,,,,,,,,,,,,,,,,,,,,,,,,,,,,,,,,,,,,,,,,,,,,,,,,,,,,,,,,,,,,,,,,,,,,,,,,,,,,,,,,,,,,,,,,,,,,,,,,,,,,,,,,,,,,,,,,,,,,,,,,,,,,,,,,,,,,,,,,,,,,,,,,,,,,,,,,358185.57,325114.9,298433.75,446046.23,400410.23,409533.58,569710.09,412753.83,500987.83,352523.19,nan,429278.75,397206.64
STATEN ISLAND,2010,,,,,,,,,,,,,,,,,,,,,,,,,,,,,,,,,,,,,,,,,,,,,,,,,,,,,,,,,,,,,,,,,,,,,,,,,,,,,,,,,,,,,,,,,,,,,,,,,,,,,,,,,,,,,,,,,,,,,,,,,,,,,,,,,,,,,,,,,,,,,,,,,,,,,,,,,,,,,,,,,,,,,,,,,,,,,,,,,,,,,,,,,,,,,,,,,,,,,,,,,,,,,,,,,,,,388475.59,314621.87,370225.43,492953.89,421411.25,432118.49,571684.38,406288.97,542823.89,382821.63,nan,474950.62,403745.55
STATEN ISLAND,2011,,,,,,,,,,,,,,,,,,,,,,,,,,,,,,,,,,,,,,,,,,,,,,,,,,,,,,,,,,,,,,,,,,,,,,,,,,,,,,,,,,,,,,,,,,,,,,,,,,,,,,,,,,,,,,,,,,,,,,,,,,,,,,,,,,,,,,,,,,,,,,,,,,,,,,,,,,,,,,,,,,,,,,,,,,,,,,,,,,,,,,,,,,,,,,,,,,,,,,,,,,,,,,,,,,,,480797.19,413349.78,266363.65,624139.33,514519.3,422821.93,560038.65,410040.74,589375.09,422548.18,nan,445465.34,419090.58
STATEN ISLAND,2012,,,,,,,,,,,,,,,,,,,,,,,,,,,,,,,,,,,,,,,,,,,,,,,,,,,,,,,,,,,,,,,,,,,,,,,,,,,,,,,,,,,,,,,,,,,,,,,,,,,,,,,,,,,,,,,,,,,,,,,,,,,,,,,,,,,,,,,,,,,,,,,,,,,,,,,,,,,,,,,,,,,,,,,,,,,,,,,,,,,,,,,,,,,,,,,,,,,,,,,,,,,,,,,,,,,,443039.15,351663.25,299916.51,570822.09,410376.46,431566.59,532852.63,430913.63,590843.2,376826.38,nan,472765.48,429692.53
STATEN ISLAND,2013,,,,,,,,,,,,,,,,,,,,,,,,,,,,,,,,,,,,,,,,,,,,,,,,,,,,,,,,,,,,,,,,,,,,,,,,,,,,,,,,,,,,,,,,,,,,,,,,,,,,,,,,,,,,,,,,,,,,,,,,,,,,,,,,,,,,,,,,,,,,,,,,,,,,,,,,,,,,,,,,,,,,,,,,,,,,,,,,,,,,,,,,,,,,,,,,,,,,,,,,,,,,,,,,,,,,388016.55,380869.89,465934.02,599084.42,491735.82,523586.48,550352.03,406516.45,561611.43,349293.27,nan,453323.29,418673.9
STATEN ISLAND,2014,,,,,,,,,,,,,,,,,,,,,,,,,,,,,,,,,,,,,,,,,,,,,,,,,,,,,,,,,,,,,,,,,,,,,,,,,,,,,,,,,,,,,,,,,,,,,,,,,,,,,,,,,,,,,,,,,,,,,,,,,,,,,,,,,,,,,,,,,,,,,,,,,,,,,,,,,,,,,,,,,,,,,,,,,,,,,,,,,,,,,,,,,,,,,,,,,,,,,,,,,,,,,,,,,,,,532790.39,450460.69,537770.35,454033.65,459643.76,434007.84,748334.22,429208.35,600487.72,414711.74,nan,481217.45,427380.27
STATEN ISLAND,2015,,,,,,,,,,,,,,,,,,,,,,,,,,,,,,,,,,,,,,,,,,,,,,,,,,,,,,,,,,,,,,,,,,,,,,,,,,,,,,,,,,,,,,,,,,,,,,,,,,,,,,,,,,,,,,,,,,,,,,,,,,,,,,,,,,,,,,,,,,,,,,,,,,,,,,,,,,,,,,,,,,,,,,,,,,,,,,,,,,,,,,,,,,,,,,,,,,,,,,,,,,,,,,,,,,,,548610.73,489266.55,334822.53,589733.5,491369.88,473808.86,533005.66,425735.46,571864.08,426481.01,nan,489051.72,441106.59
STATEN ISLAND,2016,,,,,,,,,,,,,,,,,,,,,,,,,,,,,,,,,,,,,,,,,,,,,,,,,,,,,,,,,,,,,,,,,,,,,,,,,,,,,,,,,,,,,,,,,,,,,,,,,,,,,,,,,,,,,,,,,,,,,,,,,,,,,,,,,,,,,,,,,,,,,,,,,,,,,,,,,,,,,,,,,,,,,,,,,,,,,,,,,,,,,,,,,,,,,,,,,,,,,,,,,,,,,,,,,,,,471305.64,401869.47,420928.15,640458.19,464705.44,452044.51,612087.76,470180.28,692846.97,477136.71,nan,523308.46,541750.45
STATEN ISLAND,2017,,,,,,,,,,,,,,,,,,,,,,,,,,,,,,,,,,,,,,,,,,,,,,,,,,,,,,,,,,,,,,,,,,,,,,,,,,,,,,,,,,,,,,,,,,,,,,,,,,,,,,,,,,,,,,,,,,,,,,,,,,,,,,,,,,,,,,,,,,,,,,,,,,,,,,,,,,,,,,,,,,,,,,,,,,,,,,,,,,,,,,,,,,,,,,,,,,,,,,,,,,,,,,,,,,,,525305.96,442657.27,380713.54,566773.65,523853.75,506334.99,714094.41,543827.24,631891.77,476666.11,nan,540472.73,638159.97
STATEN ISLAND,2018,,,,,,,,,,,,,,,,,,,,,,,,,,,,,,,,,,,,,,,,,,,,,,,,,,,,,,,,,,,,,,,,,,,,,,,,,,,,,,,,,,,,,,,,,,,,,,,,,,,,,,,,,,,,,,,,,,,,,,,,,,,,,,,,,,,,,,,,,,,,,,,,,,,,,,,,,,,,,,,,,,,,,,,,,,,,,,,,,,,,,,,,,,,,,,,,,,,,,,,,,,,,,,,,,,,,770985.28,447478.16,476137.41,553238.31,711189.22,557266.35,696870.18,578466.32,757653.71,498948.3,nan,607637.96,569120.81
STATEN ISLAND,2019,,,,,,,,,,,,,,,,,,,,,,,,,,,,,,,,,,,,,,,,,,,,,,,,,,,,,,,,,,,,,,,,,,,,,,,,,,,,,,,,,,,,,,,,,,,,,,,,,,,,,,,,,,,,,,,,,,,,,,,,,,,,,,,,,,,,,,,,,,,,,,,,,,,,,,,,,,,,,,,,,,,,,,,,,,,,,,,,,,,,,,,,,,,,,,,,,,,,,,,,,,,,,,,,,,,,807212.98,544094.66,421472.12,622104.56,655079.5,630383.91,734094.63,606218.76,738764.96,542333.36,nan,621528.7,706515.57
